L,C,fsw,rds_on,efficiency,ripple,p_total_loss
4.519461096398757e-05,8.390084030689821e-05,139712.5345797068,0.005102310564066347,0.9676197464224959,0.007019613680770395,0.3677715918722646
2.4623829601104723e-05,4.010047821214267e-05,779733.26868443,0.005155369582404633,0.9651243200036571,1e-06,0.33963784537855163
2.9468713801313412e-05,2.074820051741005e-05,102223.45290003098,0.005122862803013208,0.9698497851087035,0.06121289152406692,0.34200456918643196
1.3296425477741992e-05,1.0408814395627684e-05,155590.4205675739,0.005103841119517675,0.9675185282422484,0.12079736012720108,0.33105727633528437
2.900829729023333e-05,3.768095242945965e-05,452250.6517062372,0.005121372725408231,0.9626927730110116,0.0011917709348404385,0.3344779048211092
4.656356540828118e-05,5.743282417054716e-05,155365.96844147416,0.005102345860754064,0.9666959340331222,0.010076167244150915,0.3276201521425697
4.4250494839927184e-05,7.157908863160892e-05,452250.6517062372,0.005120691606517322,0.9626967665222116,1e-06,0.3346700999981874
1.8762696793262752e-05,1.0796272633492411e-05,155613.7588327243,0.005103841119517675,0.9673068125440062,0.0940876321842575,0.33030600449137415
2.1664608215178384e-05,1.046637965088777e-05,155931.24447056,0.005104196371819971,0.9670752484990538,0.06601754743360519,0.3298366775184127
4.2931642882161296e-05,7.048718051673602e-05,779733.26868443,0.005103918026199544,0.9658764548205931,0.0003171738108207621,0.3400533195549585
1.3011172003201678e-05,1.0430934431118677e-05,155590.9194090414,0.005121526558453569,0.9675185282422484,0.12079736012720108,0.33105727633528437
1.299980878842586e-05,1.158705979401701e-05,155496.80740126016,0.00510089475714755,0.9674940307332457,0.10672518033288955,0.33105727633528437
4.51917960664409e-05,8.434007112660623e-05,138218.38157455297,0.0051757350491936785,0.967789560055461,0.007404684831728933,0.36509491118817494
1.4603334346117125e-05,2.4205188024745563e-05,155378.56757206965,0.005103596007995837,0.967098017473358,0.05006469208501815,0.3299835284619781
2.9468713801313412e-05,2.1256055574571967e-05,103217.35022161389,0.005630337148201824,0.9696584541989745,0.060427682285537715,0.3430769461529084
2.1231280504028317e-05,1.583168096417222e-05,155270.62619888718,0.005104196371819971,0.9670608837796629,0.05913907084368705,0.3298566003709289
4.519397558440139e-05,8.442776069931888e-05,134500.88807222835,0.005102192533958853,0.9679323131796981,0.007568111454477308,0.3616635164919393
1.4772676281705705e-05,1.3262132239374512e-05,155613.62343412344,0.0051007557937505395,0.9673578341199339,0.09734859484933853,0.3310298730998489
4.51939321468391e-05,8.434007112660623e-05,138239.0581775447,0.0051757350491936785,0.967789560055461,0.007404684831728933,0.36509491118817494
4.502273082149681e-05,8.447458180496978e-05,162550.20807165524,0.005156435229095442,0.9664144809004928,0.005061944757928846,0.3320333321958038
4.518999715508412e-05,8.396781242402827e-05,170591.85893986473,0.005110284793727962,0.9662543232199813,0.0041886067924702146,0.33499045273356165
4.518999715508412e-05,8.396781242402827e-05,140819.44664194196,0.005102310564066347,0.9676197464224959,0.007019613680770395,0.3677715918722646
4.650372257204309e-05,1.5102650800720569e-05,155697.54975617924,0.005103647234531567,0.9668637211081649,0.027571159597173014,0.3276568686037513
1.721102352640795e-05,1.0796272633492411e-05,155613.7588327243,0.005102677823975339,0.9673109252644957,0.10433975029491424,0.33030600449137415
1.4427352529253645e-05,4.0177557954428053e-05,155694.98873559208,0.00510365536768254,0.9670931298924864,0.03374559599660873,0.3303928633599731
4.504806669656351e-05,8.294974619288314e-05,182555.84981760383,0.0051009687574481224,0.9660319978949691,0.0038145215226018407,0.34738227328352655
2.9092369372442638e-05,3.803534892418706e-05,452250.6517062372,0.005121372725408231,0.9626927730110116,0.0011917709348404385,0.3344779048211092
3.5530052029245136e-05,0.00010526999833675662,134397.82748872982,0.005101818570439018,0.96792384932014,0.008493448418905734,0.35484690399335106
1.4772676281705705e-05,2.9093258778998932e-05,155614.76842060103,0.005100622448010627,0.967098017473358,0.047306747918357844,0.33033124705843653
3.520731966430789e-05,9.418627766263241e-05,141679.32816851628,0.005121716573959619,0.9676112825629378,0.008298196641137599,0.3452715274849598
1.299980878842586e-05,3.755685534192679e-05,154650.9934329417,0.005100628450407618,0.9670738179875792,0.04027363825344085,0.33033358654074396
1.3218198270486734e-05,2.121171246451334e-05,154942.9206798554,0.0051229076766184205,0.9671435554219664,0.06408471036457061,0.3300278147130462
4.5142054989090256e-05,8.437456815745827e-05,155659.60235262147,0.005103695598773245,0.9666852648017074,0.005503737178971765,0.32832085689596857
4.50801258515653e-05,7.346776155337047e-05,123601.59677262433,0.005110516787596942,0.9684248263594771,0.009370961969127654,0.3584027400913732
2.9468713801313412e-05,2.0530496028475068e-05,102210.4764296881,0.0051054174263490135,0.9698497851087035,0.06121289152406692,0.34200456918643196
3.5529736170666546e-05,0.00010423335008293786,115960.01839381951,0.00510268662577389,0.9687887723204757,0.01150947790347576,0.34655747742818077
4.51446751892537e-05,8.351832599532126e-05,126147.6978007013,0.005101478600722972,0.9682867223975326,0.008609371071090697,0.3597020766439931
2.9470160496019182e-05,0.00013022523642872621,134882.63742601257,0.005122943829868604,0.9679822523786009,0.009285220687618254,0.35213452011669844
4.5190942265179313e-05,8.442809855228645e-05,105775.41649118748,0.005100932441436544,0.9691255981681014,0.012436986712148188,0.34890464308886693
2.941839605819716e-05,0.00015870999004541475,103160.45730514533,0.00510266530879168,0.9694121082021178,0.017084778886674406,0.3362630102070686
3.556587756490765e-05,0.00010496990709027119,126655.60700245725,0.005100942999509015,0.9682782585379744,0.010139135455121993,0.3528854641454049
4.519397558440139e-05,8.226003926858312e-05,134591.08802052456,0.005164727302173101,0.9679323131796981,0.007568111454477308,0.3616635164919393
1.299980878842586e-05,5.4509796524827245e-05,154650.9934329417,0.005101090301495141,0.9671182234479369,0.036317778562536235,0.33085243007235254
3.506293166586031e-05,0.00010494093980332103,109026.01401867068,0.005100549394612253,0.9690335089919234,0.01260194629185438,0.34408216358588417
4.506471987590075e-05,6.754932552206513e-05,109017.92534744726,0.005122976215744586,0.9690286810156966,0.012389045019974707,0.35108855727343724
3.3655929518237244e-05,0.00015815503282789794,102805.91330222199,0.005117684187028374,0.9692109520194198,0.01908201568505805,0.3361603188547012
4.5087848495281506e-05,8.544062646886952e-05,162100.37074882424,0.005156435229095442,0.9664144809004928,0.005061944757928846,0.3320333321958038
3.558591109384477e-05,0.00014093125362537687,112939.21604817724,0.005168260461836158,0.9689747984168197,0.013278414164124489,0.34119368523682325
3.5551355872276355e-05,0.00014081857176951118,116528.69855019874,0.005120198553560986,0.9688188726660872,0.012704140175519943,0.34119368523682325
4.5125271062167455e-05,8.354204451602268e-05,129275.65082584499,0.005122775239062422,0.968157618736949,0.008058891442945002,0.3601063004436986
3.556587756490765e-05,0.00010515530097524607,131012.95054056575,0.005100942999509015,0.968149154877391,0.009023053382863997,0.3532896879451104
4.65533469062025e-05,6.89594143236433e-05,156971.66402997344,0.005103171886467699,0.9665081197974349,0.009528866219952383,0.32768556824021067
2.941839605819716e-05,0.00011487615743504717,121353.57878181466,0.00510266530879168,0.968617518682617,0.012250868414869307,0.34585172862137525
2.9312664826447925e-05,0.00013005196318291594,126835.33610075538,0.005103863021454107,0.9684621889783324,0.01116660497837305,0.3467416855725166
3.155089678139917e-05,3.79973561050061e-05,154653.2352249945,0.0051001956213539154,0.9667223984954024,0.017250839432110785,0.3279926066666099
2.9468713801313412e-05,2.189694341060892e-05,154744.94606381905,0.005100616157025209,0.9670564134313048,0.02728169206284523,0.3287563284306976
4.51868213912506e-05,0.00011472017972617539,102240.14390778897,0.0051005754782780036,0.9692194158789779,0.014315116819380283,0.3476341253819959
4.502309498832684e-05,1.3296615316024349e-05,779744.2453516145,0.005100925080612573,0.9658793754481871,1e-06,0.3407726284081079
4.5087848495281506e-05,8.544062646886952e-05,120305.9558961063,0.005156435229095442,0.9685460622069503,0.0095145374511981,0.35690847399859593
2.9378872535013895e-05,0.00011179209646496548,109015.77011329781,0.005100713952218414,0.9692213733388365,0.016271026616325377,0.3385574910076973
2.9378872535013895e-05,0.00012365669032872914,109015.77011329781,0.005100713952218414,0.9692346651746214,0.016218010147442816,0.3388803395661232
4.519390093065687e-05,8.369854438319946e-05,149502.69099415315,0.005110138350243812,0.9670990402457381,0.006366425936450956,0.35597720149411094
2.9122037718256785e-05,0.00012578230795085032,142344.66692134785,0.005109422432833433,0.9676608045293272,0.008854672124018668,0.3408540558869594
1.4772676281705705e-05,9.717914043858684e-05,155613.62343412344,0.005100014448888088,0.9669602711392821,0.022393440639009474,0.3311420192389938
3.556587756490765e-05,0.00010760320130190657,120377.40774932748,0.005100701980724936,0.9685375983473922,0.011017474157145022,0.3500918615000077
1.4777924938922106e-05,1.8781704581681436e-05,155612.53619225783,0.005122334813598457,0.9671227534009398,0.06263280827306747,0.330580498781726
4.50990686736189e-05,8.23766772836922e-05,112386.36563414145,0.005173231596454588,0.9689876134154464,0.01069783214234352,0.3542379623952405
2.8586669738607997e-05,0.00013016787660786205,103288.32534341163,0.005101637410736622,0.969349940557617,0.017505418320527075,0.3362569528850433
3.547348464605424e-05,0.00010536546477524206,122698.5558399752,0.0051021117092154185,0.968416362499919,0.010793429610660075,0.35199550719426353
3.507905671408176e-05,0.00015074315190807645,120553.54425878408,0.0051321515189567185,0.9685676986930037,0.012405379344163895,0.3436802494558212
1.8762696793262752e-05,1.0796272633492411e-05,155613.7588327243,0.005101134654644978,0.9673068125440062,0.0940876321842575,0.33030600449137415
3.334500736472465e-05,0.00015333292186418078,105383.91189765163,0.0051214106008411605,0.9691081340071822,0.015266493562994957,0.33755699724281996
3.5529736170666546e-05,9.869003385304104e-05,105479.05970500493,0.0051026086221631385,0.9691038424727584,0.014577643757095336,0.34167210192845543
1.299980878842586e-05,3.755685534192679e-05,154650.9934329417,0.00510016711366975,0.9670738179875792,0.04027363825344085,0.33033358654074396
4.506815569246601e-05,8.404641795972277e-05,175826.93166326513,0.005157129705954416,0.9662651712653304,0.00393456481151819,0.3367516805797073
4.656356540828118e-05,1.5569582303135953e-05,155365.96844147416,0.005103161624464124,0.9667094642874862,0.024024355407491007,0.3276568686037513
1.3649706140176237e-05,1.03953605742984e-05,155590.50746722566,0.005122272987039786,0.9674653608991087,0.10503312367700576,0.33105727633528437
3.556587756490765e-05,0.00010521503172101503,120377.40774932748,0.005100942999509015,0.9685375983473922,0.011017474157145022,0.3500918615000077
2.894382758870967e-05,0.0001261316501683898,133632.13981176337,0.005121994534427307,0.9681184489919127,0.010216397044589518,0.3487031254204628
3.0386564086985703e-05,0.00011355881890199911,149496.8370174412,0.005101633916402852,0.96709057638618,0.008644214642574786,0.34301681042263443
4.5142054989090256e-05,8.373128123563741e-05,129056.00967660261,0.005100032738656059,0.968157618736949,0.008058891442945002,0.3601063004436986
1.4772676281705705e-05,9.717914043858684e-05,155613.62343412344,0.005100109485626357,0.9669602711392821,0.022393440639009474,0.3311420192389938
1.478306683099384e-05,2.314890122932478e-05,155612.53619225783,0.005122377068684481,0.967098017473358,0.04770083892845153,0.3301411678462478
2.1664608215178384e-05,1.046637965088777e-05,154618.5557637618,0.005100361025359886,0.9670752484990538,0.06601754743360519,0.3298366775184127
4.519390093065687e-05,8.369800638219808e-05,149502.69099415315,0.005110138350243812,0.9670990402457381,0.006366425936450956,0.35597720149411094
4.5142054989090256e-05,8.293765456736954e-05,181946.80955283507,0.005100032738656059,0.9660319978949691,0.0038145215226018407,0.34738227328352655
2.9468713801313412e-05,1.0773233996380354e-05,155575.50585880582,0.005121523011256096,0.9670716722203673,0.06139669734739303,0.32895956536822046
1.2888441809280454e-05,4.512903466803435e-05,155496.1579949821,0.005102345860754064,0.967113931913513,0.03512571919464111,0.33085243007235254
2.894382758870967e-05,0.00012558196013850228,133632.13981176337,0.005121994534427307,0.9681184489919127,0.010216397044589518,0.3487031254204628
2.9257231967479192e-05,0.00013016787660786205,103288.32534341163,0.005101637410736622,0.9693632323934019,0.01656175758444309,0.33630558282459944
4.514207170541454e-05,8.351926122725215e-05,120394.87761621324,0.005121780576228737,0.9685460622069503,0.0095145374511981,0.35690847399859593
3.334500736472465e-05,0.00015815503282789794,105383.91189765163,0.005100976987832388,0.9691081340071822,0.015266493562994957,0.33755699724281996
3.1552819018317615e-05,0.0001478480184726594,141773.87394340444,0.005120516217299828,0.9676112825629378,0.011885559786497116,0.33901292056391175
2.941839605819716e-05,0.00011699903387757144,121353.57878181466,0.005102841267655849,0.968617518682617,0.012250868414869307,0.34585172862137525
2.6192016078237472e-05,3.79973561050061e-05,154653.2352249945,0.0051001585877627365,0.9668975670529784,0.019801510309209822,0.32770647456936564
4.518999715508412e-05,8.396781242402827e-05,121652.86019499032,0.00517037472330777,0.9684248263594771,0.009183706526985167,0.35881211969285176
4.507740133315017e-05,8.442809855228645e-05,115511.93246251362,0.005100275817589866,0.9687972361800338,0.009822225940754412,0.3542379623952405
4.506815569246601e-05,8.404641795972277e-05,175826.93166326513,0.0051593059459922996,0.9662651712653304,0.00393456481151819,0.3367516805797073
1.3027052706283454e-05,1.5651433243199643e-05,154640.63609439903,0.005100230520886092,0.9673786361409605,0.0954006331016922,0.33107721408896174
2.946149038716877e-05,2.8297130154143258e-05,156162.75610732156,0.005100030504416271,0.9669131238652647,0.020508250032892226,0.3287563284306976
