L,C,fsw,iload,rds_on,vout_max,vout_min,ripple,pin_avg,pout_avg,efficiency
1.8763377114596664e-05,0.0002764751159416,695480.3894553154,3.596801184237966,0.0385680108859906,4.7559094429,4.75436830521,0.0015411376900003,-17.1418801028,16.2654153419,0.9488699748426758
3.973070173388321e-05,0.0002115078553676,210754.17917321785,3.7395710320457134,0.0314391390376113,4.75774957895,4.75524806976,0.00250150919,-17.8155436082,16.9220326437,0.9498465506217424
1.2559556332726933e-05,0.00018529990983,675413.150305599,4.760542406687072,0.0373290006623007,4.73291683197,4.73231935501,0.0005974769600003,-22.5581314459,21.3248976267,0.9453308523288996
9.692536385982829e-06,0.0002696400698713,970749.1794924216,3.900382065817961,0.0156118796443148,4.78853559494,4.78726577759,0.0012698173499998,-18.7255806685,17.8820394834,0.95495246849573
2.546230182805652e-05,0.0001715890988293,273970.37673968635,2.976027481521508,0.0403039281820375,4.76226234436,4.76059754193,0.0016648024299996,-14.1812276457,13.4939860047,0.9515386355702156
1.4953282013440406e-05,0.0001560830706503,542564.3822453953,2.3010540678205778,0.0214671267141213,4.79742288589,4.7963924408,0.0010304450899996,-11.0496284282,10.589761039,0.9583816422255104
1.8287989775964032e-05,2.383857480153637e-05,497896.7409366628,0.5790641163455664,0.0436597122624319,4.81940221786,4.81541633606,0.0039858817999993,-2.79406800614,2.68785603091,0.9619866177213304
4.063199844302474e-05,0.0003801959566861,446773.8537344028,1.889668134335104,0.0311650364044133,4.84087179243,4.74607849121,0.0947933012200001,-8.93617165554,8.68181451959,0.9715362298583072
5.863642583422216e-06,0.0003125328822849,280742.0072100923,2.5554822253147216,0.0387659815876891,4.77401738822,4.77110905051,0.00290833771,-12.2218145406,11.6416087417,0.9525270329563096
1.3735954346038376e-05,0.0002368653801907,956057.0252580036,2.848293460440039,0.0147793323936851,4.80261945724,4.80129814148,0.0013213157599993,-13.712387995,13.1359153547,0.9579597193056234
1.9405401235208183e-05,0.0002347989842677,465611.2590417664,4.471280214210131,0.0483664263735241,4.71710824966,4.71657896042,0.0005292892400001,-21.0928472176,19.8959382528,0.9432552204805574
2.5208464780536806e-06,0.0001358463327963,989179.8755357736,2.5308364500799807,0.0359846633953657,4.78482373714,4.78357028961,0.0012534475299998,-12.1372255107,11.5855874406,0.9545499035497294
3.746975050496528e-05,0.00034496832521,842933.2349273107,4.011597842751581,0.0292392906816783,4.77144908905,4.75736618042,0.0140829086299998,-19.1315552866,18.2039885473,0.9515163965812188
3.292911613007215e-05,0.000271402172526,274563.313389058,4.463293624235989,0.0311661768053803,4.7457408905,4.74326658249,0.0024743080099991,-21.1767190819,20.0931813273,0.9488335397750016
2.309500804870957e-06,0.0003490640706695,986941.4896448108,2.935731007749337,0.0490159246368655,4.76168203354,4.7608704567,0.0008115768399994,-14.0163129389,13.3102742954,0.9496273630178088
4.251456345110207e-05,0.000222451615172,226040.9625950543,3.407698311895607,0.0120591996850958,4.79328611016,4.78664447248,0.0066416376800004,-16.3303081441,15.6340331718,0.9573630230271216
2.5351026539977205e-05,0.0003472672530671,477235.4901498968,2.797858710975468,0.0203658921855017,4.80611428618,4.77800353527,0.0281107509099998,-13.3906928342,12.8414119927,0.9589804016639728
1.3360757052046788e-05,0.0002194005670375,468171.4065621712,2.105263328514173,0.0445657347422284,4.78031158447,4.77889347076,0.0014181137099997,-10.0708892358,9.61883394768,0.955112674011642
4.200595724286738e-05,0.0002604873366599,991320.3016438944,1.3949217395868516,0.035070953065787,4.85272277296,4.7741560936,0.0785666793599997,-6.64054971709,6.45217535344,0.9716327154113156
4.343440293268896e-05,0.0003173279733531,902963.7245290668,0.9672321576535856,0.0341736422315617,4.88944578171,4.75717067719,0.1322751045199997,-4.67832877773,4.5128985469,0.964639032720939
1.7455700329304265e-05,0.0002700087613387,132100.7854656334,3.7672232526326495,0.0376032054698879,4.74873209,4.74328053951,0.0054515504900001,-17.8813847284,16.9724053377,0.949166163330946
2.4770529061295253e-05,0.0001141426701836,351970.3519862609,3.250869454630174,0.0106300292174966,4.79509878159,4.79371356964,0.0013852119499997,-15.6011796344,14.9451263084,0.9579484794500136
7.980922796327597e-06,0.0002716627297288,841693.6069048521,1.719979753487216,0.0217003824443166,4.8101067543,4.80823469162,0.0018720626799995,-8.29207412721,7.95586143336,0.9594537278982184
3.901861616419186e-05,0.0002449505867223,672604.6285730139,2.749190893481848,0.019516973248031,4.8037071228,4.78717470169,0.0165324211099999,-13.1836011586,12.6419123991,0.9589119275542828
4.510132520318782e-06,0.0001014261180548,933655.2846890003,0.8733527617922595,0.0320767650856321,4.82000398636,4.81884431839,0.0011596679699996,-4.21900750718,4.05710433376,0.9616252938293024
3.790897361033496e-05,3.474849206779352e-05,466073.9577853467,2.743455719113683,0.0484676915543269,4.76071859896,4.75941038132,0.0013082176399992,-13.076918298,12.4325507995,0.9507248203425304
3.366064215745618e-05,0.0003506237008965,273693.7989558107,0.8278052085340925,0.0458033753878571,4.84881162643,4.76265461504,0.0861570113900001,-4.1147613093,3.83037246968,0.9308857019294808
2.8356537338811163e-05,4.241363249689424e-05,452826.5136598646,0.1733899790363336,0.0093672670425278,4.83747434616,4.82035112381,0.0171232223499995,-0.83877713087,0.80859530434,0.96401687001326
2.226825313027854e-05,0.0004527215354037,985181.877069111,3.015609276197779,0.0195864146779486,4.81024265289,4.77111291885,0.0391297340400003,-14.5469677008,13.8499592916,0.9520856563693568
3.705031415102124e-05,0.0002926115395149,247006.7682259986,3.395631217469953,0.0199225730584521,4.7857546556,4.76870345533,0.01705120027,-16.255371818,15.5074197642,0.9539873918496424
1.8771329670796003e-05,0.0002634121518922,868540.093137554,4.124109110377,0.0473727915837551,4.73204994202,4.73150205612,0.0005478858999996,-19.5580588359,18.4679107445,0.9442609258645358
2.2344586341664086e-05,0.0003396891233507,217961.32582011708,0.4849273811210677,0.0308785004519839,4.8512838006,4.79035902023,0.0609247803699997,-2.29344767024,2.25091690687,0.9814555335524402
4.985984822499176e-06,0.0004115088328102,807981.0367667878,2.690537800277503,0.014896815993246,4.80243110657,4.80127859116,0.0011525154100002,-12.9459148417,12.4074041879,0.9584030437103288
3.747912311113493e-05,0.000467893758196,782993.851877407,3.4330544769500966,0.0182440370378315,4.82877996307,4.75372982025,0.0750501428199994,-16.3664067149,15.7402850382,0.9617434854450992
1.0525256201592973e-05,0.000460685426505,360614.3837427479,2.1139075825913625,0.0419110901805589,4.78161907196,4.77854776382,0.00307130814,-10.104252968,9.66078391359,0.9561106540172284
3.576358605064885e-05,0.000119782985922,825444.7575353665,4.037197884966372,0.0474634322777222,4.73347139359,4.73321723938,0.0002541542100003,-19.149017472,18.0902233322,0.9447076519018176
4.101890805116992e-05,0.0002987264016777,666638.7854285535,2.297387724727206,0.0096965455610969,4.85000514984,4.78042173386,0.0695834159800004,-11.0004428404,10.6462802674,0.9678046985800144
1.6845070094215363e-05,0.0003428018450505,412774.13596944045,0.5388418221129514,0.0418889728886536,4.83367118239,4.80064001262,0.03303116977,-2.57683773322,2.5011152408,0.9706141789823228
3.734251076654035e-05,9.009520405594144e-05,822341.6127737606,4.4542662495734,0.0084648005062102,4.79106521606,4.79077863693,0.0002865791299999,-21.3766097839,20.4475639,0.9565391381845908
1.974090622603743e-05,0.0002358985623111,751809.8586741964,1.3696514717246762,0.0133870316450439,4.8370423317,4.80299282074,0.03404951096,-6.61036973047,6.36435788062,0.962783950084361
4.606600913256578e-06,0.0004149341812337,904121.717170193,1.6547137112831674,0.0138008972382738,4.81657934189,4.81535816193,0.0012211799599999,-7.98667349335,7.67586568382,0.9610841973458925
2.419074295336885e-05,0.000297426853049,261329.83745109595,4.46968507062143,0.0054876729854468,4.79210424423,4.78714942932,0.0049548149099996,-21.4109152362,20.5050932438,0.9576934482992814
1.7116887948002547e-05,0.0002109642178762,366481.4774601216,4.312533106372007,0.0191786729988541,4.7690038681,4.76806116104,0.0009427070600001,-20.6106487061,19.6124916544,0.9515708085692332
7.968392268746452e-06,0.0002111184080661,521835.71888231294,4.467955621742182,0.0256459319230975,4.75731754303,4.75647735596,0.0008401870699996,-21.2714747108,20.2204171907,0.95058840374775
4.307479349112193e-05,0.0001805126743916,970634.7198754152,1.234168277021274,0.0155326144850718,4.8456120491,4.79020595551,0.0554060935899993,-5.95551135742,5.73019970083,0.9621675380890202
1.3986585705684028e-05,1.1666071492332638e-05,417342.767327081,0.5861487514251217,0.012321429836002,4.83023813546,4.81663745582,0.0136006796400005,-2.82951646415,2.72792177111,0.9640946803712912
2.781351208976737e-05,0.0002415259066305,386248.43747617473,2.7034728461286583,0.0301153961326866,4.78467512131,4.77605724335,0.0086178779599999,-12.9395968356,12.352081107,0.9545955151412756
3.300360120011609e-05,1.3327751010108915e-05,860250.4097941094,4.150383807116961,0.0126227262186587,4.78807783127,4.78691768646,0.00116014481,-19.9192914364,19.0256826364,0.9551385247385332
1.0473600159611762e-05,0.0004099774422044,900891.3070400876,4.034612651230594,0.0252254192884809,4.77133560181,4.76894283295,0.00239276886,-19.2920516265,18.3602180263,0.9516985741982976
3.9588909762044414e-05,0.0004301914911195,449725.7892818304,1.8995553408800137,0.0345954750069304,4.8516087532,4.7476067543,0.1040019989000002,-9.14605225403,8.75638686276,0.9573952367155673
3.777164680043953e-05,0.000453283437921,896316.0099827638,4.574599928964692,0.0258678365189819,4.76926517487,4.74369001389,0.0255751609799999,-21.8009126338,20.7071160881,0.9498279469271308
3.0074519793439347e-05,4.795470041088749e-05,140793.73925634753,4.745891915695544,0.0308049149762752,4.74455508947,4.73151827514,0.0130368143300003,-22.4659160619,21.311269588,0.9486045229262576
2.686247788301684e-05,0.0001670625666417,873819.3136608662,0.7951286199328723,0.0245321338263756,4.84401035309,4.80459070206,0.0394196510300002,-3.86334444647,3.70069375825,0.9578989938708112
3.115734132855694e-05,7.300476748707717e-05,577096.3703769526,1.404318749654044,0.0352908814153827,4.80371665955,4.8028678894,0.0008487701500001,-6.75490620213,6.47996411118,0.9592974228327104
1.9539942859244964e-05,0.0003855822358675,630482.6704230858,4.819522542869692,0.0184578470647238,4.76885318756,4.76400118649,0.0048520010700006,-23.0279366115,21.8984457194,0.950951276653422
3.897141217040596e-05,6.926739061578333e-05,676406.624961077,3.1448233372935896,0.0388200060680624,4.76492261887,4.76441478729,0.0005078315800002,-15.0021303786,14.2786660352,0.9517758928137302
2.635333801295037e-05,0.0004662539442505,992132.3948902556,1.8514630620800896,0.0455200291303882,4.81304264069,4.76184988022,0.0511927604700002,-8.97932701514,8.49407112327,0.9459585455511518
1.9135892542219707e-05,4.5676419964099e-05,426085.4025243965,3.598125436572146,0.0387180869750368,4.75279709697,4.75041770935,0.0023793876200004,-17.1192808642,16.2476611917,0.9490854972580806
2.4286659516681275e-05,0.0003985611157997,835807.3934109664,4.600684004399087,0.0460445915607644,4.72495889664,4.72074127197,0.0042176246699998,-21.7613746089,20.5221169397,0.9430524178057592
3.0631581588988325e-05,0.0002561828979833,446363.2056150841,1.093981347567775,0.0087175530060215,4.8680229187,4.7685955519,0.0994273668000005,-5.31816908149,5.0906933182,0.9572266771130435
7.292485966362783e-06,0.0002560381175841,141397.00981505035,1.985354274173292,0.0076811216048536,4.81310693779,4.80167007446,0.0114368633300001,-9.52646847064,9.17780762047,0.9634008288334182
4.136018478862909e-05,3.913522066461893e-05,838801.1832998442,0.4722392186467801,0.0235143185913328,4.83001041412,4.82502412143,0.0049862926899999,-2.28422613863,2.20129470013,0.9636938580215446
3.7747483542730016e-05,0.0003398562683028,413697.2067845071,3.241422519564712,0.0472775973539715,4.76055955887,4.74093723297,0.0196223258999994,-15.3991069629,14.6239166761,0.9496600492049564
2.6195742585461915e-05,0.0002353815711394,425381.7221421649,1.3551956957659514,0.0167197433285337,4.83638685048,4.79267120361,0.0437156468699999,-6.52753468175,6.27987320189,0.9620589561090462
6.662774213064767e-06,0.0004282963841983,170679.63830977233,1.274539749665217,0.0435057722196045,4.93808185623,4.9250059998,0.0130758564300004,-6.45623127341,6.19680491917,0.9598176795015928
3.848039626474193e-05,3.729708937079734e-05,596842.0979419223,3.445574085474682,0.0429742554672568,4.75216531754,4.7511382103,0.0010271072400005,-16.3903728526,15.5586440585,0.9492550412623432
4.734452560503118e-06,0.0003070025559298,743296.845774879,1.4053884422596876,0.0262722825987898,4.81058645248,4.80996829808,0.0006181543999996,-6.77683932038,6.50380725098,0.9597110014724844
3.684859178167724e-05,0.0004122769261078,334948.1707854506,4.306468694687325,0.0294002246112301,4.76090955734,4.73608748555,0.02482207179,-20.5134301708,19.4388750401,0.9476169942446008
1.6776280805397127e-05,4.677916008571596e-05,599389.879206424,0.5404699298640177,0.0139007004381159,4.82730865479,4.82459115982,0.0027174949700006,-2.6106343886,2.51750213701,0.9643258159791792
4.499077084197609e-05,1.16904085034371e-05,258711.1525679305,4.120065549274909,0.047183900261359,4.73002576828,4.71951164782,0.0105141204599998,-19.5018876632,18.3970704895,0.9433481931195415
9.49427375904512e-06,0.0002082657846078,478127.0658112956,2.0022438603691666,0.0481989342307453,4.77979152024,4.77886009216,0.0009314280799994,-9.57881970826,9.14706572184,0.954926180931489
3.474598205740234e-05,0.0003956194830306,409359.9413104003,1.0008766453569171,0.0400499224786481,4.85726690292,4.74592031538,0.1113465875399999,-4.97196842854,4.61924902912,0.9290583992055688
1.979575605030336e-05,8.637793648467402e-05,542795.3175312001,3.683417989201386,0.0148574701067973,4.7860994339,4.7853314811,0.0007679527999995,-17.6443001937,16.8724494853,0.9562549548621035
3.3971600280694725e-06,0.0003899144197338,837788.6555195217,3.695383167612405,0.0135598166306158,4.79180383682,4.7910027504,0.00080108642,-17.7411558478,16.9672916197,0.9563802812658362
3.912903660455712e-05,0.0002133335625086,528557.110409364,4.050556444130511,0.0393000437689099,4.74281549454,4.74172782898,0.00108766556,-19.230937723,18.2194789839,0.9474046063863903
3.112540878498476e-05,0.0002620227118613,270383.48464008566,3.7983717064995934,0.0168080960854919,4.78040456772,4.77451031268,0.0058942550399994,-18.1389129335,17.3422702337,0.9560810119812244
1.1163609922876236e-05,0.0001295071988003,669242.4366828576,1.0726019732544427,0.0140636349482733,4.82322406769,4.8181631577,0.00506090999,-5.18100001017,4.98509051516,0.962186934061872
3.085304430533936e-05,0.0003805442902317,482329.0596696741,4.331887901634274,0.0266710727980611,4.76120767534,4.75003242493,0.01117525041,-20.619298262,19.5956834041,0.9503564648566896
8.353887304857052e-06,0.0004159899645246,694195.6690766873,4.81456225881123,0.0097025019062913,4.78442668915,4.78267478943,0.0017518997200003,-23.0608387333,22.0329830318,0.955428520471991
4.133090795426974e-05,0.0004580447057445,739734.9541868329,1.799872550632769,0.0271946434326732,4.87295198441,4.71275305748,0.1601989269300006,-8.80238129041,8.2847444684,0.9411935469582584
2.907270540717341e-05,0.0001680911563213,856950.2657620816,4.657707207662077,0.0275745527860336,4.75470543146,4.75438499451,0.00032043695,-22.1933276578,21.0581963566,0.9488525867457712
2.8128988844190013e-06,1.7996488713391765e-05,874157.1558407625,2.8771661257040955,0.0204845574468539,4.79792577863,4.78819465637,0.0097311222599998,-13.8196388581,13.221183552,0.956695300633762
2.806925445177416e-05,0.0004661817623593,349145.6444735612,0.751976383945809,0.0151156104766715,4.88439559937,4.74592018127,0.1384754181000005,-3.65952220506,3.47417455268,0.9493519530708896
2.7610473311952865e-05,0.0003535855752243,102200.507600591,3.7976759937641895,0.0070296279518083,4.80256080627,4.78211215198,0.0204486542899999,-18.1735662535,17.4434930788,0.9598277429693032
2.87623617344316e-05,2.125835471623446e-05,404255.30987563456,3.765141341384695,0.0116445456170217,4.7897439003,4.78596687317,0.0037770271300008,-18.0610475473,17.2627781639,0.9558016011358468
2.7025353114612955e-05,1.6807179072964563e-05,703674.9417444118,2.016547836831017,0.008453666420957,4.81464577454,4.81286621094,0.0017795635999995,-9.72723757376,9.34570611286,0.960776997785146
1.3471354970991584e-05,0.0002176035514574,150699.12630024654,4.314616487095639,0.0344568259408027,4.74285750568,4.73724137425,0.00561613143,-20.5040776379,19.3896148399,0.9456467724283284
2.3399562062627503e-05,0.0001285552729399,704702.1372964946,1.4668861849779506,0.0308566038013764,4.80773591995,4.80385820508,0.0038777148699997,-7.06573546997,6.77613066856,0.9590127874669456
4.53512007410661e-05,0.0002441933327567,746229.4482791915,2.896207881050751,0.0111205838936391,4.81022024155,4.79001426697,0.0202059745799996,-13.9479829168,13.3512437666,0.9572168138031456
2.5963422249592447e-05,0.0003717112741071,307559.81850602553,4.302675114333616,0.04788201945178,4.72306585312,4.7182765007,0.0047893524199995,-20.3149860913,19.1750946077,0.9438891329545056
8.979966699930029e-06,0.0002134439034297,197329.2653998828,2.7848989060157243,0.0377159141317898,4.7699457866,4.7648563534,0.0050894332000002,-13.2860301959,12.6594912765,0.9528422779293888
1.853868300437927e-05,0.0001288203050392,264276.4780718753,2.0537596092707058,0.040482173201811,4.7828707695,4.78039646149,0.00247430801,-9.84243601266,9.39151301542,0.9541858340089796
6.583477348828942e-06,0.0003126637411769,666612.7529175202,1.7098506133773093,0.0416118212371491,4.79421234131,4.79340648651,0.0008058547999993,-8.2050920604,7.85864569312,0.957776662988092
4.130428336974671e-06,2.168775949316724e-05,658879.2873029667,1.0175155759617809,0.0347177352644236,4.81695221186,4.80714559555,0.0098066163100005,-4.90680660293,4.71229129105,0.960358064293007
4.187270279967095e-05,8.016171272682455e-05,973789.5789196632,4.573047807136208,0.0096099053901065,4.78990411758,4.7896270752,0.0002770423799995,-21.9534444695,20.9828514445,0.95578857676077
4.1168896479970976e-05,0.0002307311699852,762834.2423774088,1.9845699279446816,0.040039207718064,4.80366373062,4.77975749969,0.0239062309300006,-9.52285985671,9.11316425094,0.9569776714207004
4.1723338684280986e-05,0.0004655008849099,766364.4687178447,1.1227478650093723,0.0408419937935715,4.895570755,4.7396607399,0.1559100150999999,-5.37346150582,5.21385492379,0.9702972503186018
3.708914445054756e-05,0.000322774460781,271541.01497889194,2.963594745695237,0.0190859512517119,4.80484074354,4.77050542831,0.0343353152299998,-14.1558120768,13.5739944818,0.9588990308826194
5.2623600851586405e-06,4.658107646688282e-05,385829.2336553413,2.040085410084744,0.0139909255206772,4.8098524791,4.79945113182,0.0104013472800001,-9.80719994916,9.42049431644,0.9605692109139548
1.297638121827478e-05,0.000260812752616,604153.5712696398,4.188750357199471,0.0176730709164025,4.77592802048,4.77518320084,0.0007448196400003,-20.0278029252,19.105933954,0.9539705391228882
3.634497203222173e-05,0.0001982496515578,916406.165381285,4.507968972200951,0.0112653968170842,4.7867732048,4.78637123108,0.0004019737199998,-21.6167757198,20.6562459989,0.9555655416260715
4.768151411298794e-06,0.0003746855537096,337765.16783415497,2.805037941171444,0.0119717087819283,4.79848889112,4.79614890814,0.0023399829799997,-13.475896581,12.9111686081,0.9580934767860846
5.199560195848434e-06,8.000570175109693e-05,376544.3440282096,2.334065952657605,0.036599442953315,4.78379839838,4.77710102856,0.0066973698200003,-11.1763730242,10.6684359965,0.9545526060556342
4.15833766772534e-05,0.000299157935901,834433.5848924908,1.046355137795579,0.0361277788179425,4.85974645615,4.754570961,0.1051754951500001,-4.97725038601,4.82779406802,0.9699721118290352
3.715403571259824e-05,0.000304251775058,720539.211960603,2.515560677483497,0.0240439089740716,4.80771255493,4.77393531799,0.0337772369399997,-12.0613507746,11.5462539253,0.957293601775952
2.173362581454147e-06,0.0001105862773792,764533.2565092102,3.6700171268879047,0.0255357925706252,4.77508224964,4.77182340622,0.0032588434199993,-17.5626651689,16.7253137828,0.9523220776546611
9.727863013728962e-06,0.0001965881527204,703961.9595144714,0.7113865027464491,0.0253457570112999,4.82452344894,4.81931447983,0.0052089691099999,-3.43749334006,3.30800516657,0.9623306401845304
2.492904698278418e-05,4.1488366467257934e-05,430190.840317312,4.203078948837889,0.0070169685993012,4.79210472107,4.79008340836,0.0020213127100001,-20.1500362003,19.2963170809,0.9576318816048932
4.541754472420872e-05,0.0001386669701853,999719.1538636246,0.2634053687909665,0.015886368404182,4.89083528519,4.77191019058,0.1189250946099997,-1.26561843349,1.23061864145,0.9723456998461324
2.3521775857395474e-06,0.0004436035934245,522042.3669248896,3.6327761960687375,0.014414095132882,4.78802394867,4.78626537323,0.0017585754400002,-17.4213287278,16.6502806218,0.9557411424784378
4.663035399416837e-05,6.642288008525456e-05,926205.3084064788,1.1048604807990818,0.0184927096202028,4.82224655151,4.82032823563,0.0019183158800002,-5.33851036726,5.13628164612,0.9621188857513086
3.0032243634570106e-05,0.0002037156507274,739641.5074036528,2.647272101324531,0.0439964102829247,4.7727355957,4.76887559891,0.0038599967900001,-12.6538084578,12.0524317987,0.952474651318963
8.851128310242047e-06,0.0003948282620996,510794.2147132564,1.975986587789324,0.0383976983279867,4.78904056549,4.78724098206,0.0017995834299995,-9.46920240995,9.06016857743,0.9568037713408472
3.240161909741298e-05,3.425876892327145e-05,502797.4745490688,2.721808106596592,0.0243223524407066,4.7875919342,4.78624677658,0.0013451576200003,-13.0385805653,12.4740254864,0.956701185679485
1.4847131585472804e-05,3.377738006579683e-05,475407.5658172034,4.954641273583673,0.0176986011986152,4.76531592906,4.76201152802,0.0033044010399994,-23.6137525162,22.4875171873,0.9523059569576094
2.3435433532830447e-06,0.000207492710586,233766.95721307475,2.16144955128373,0.0200955950784991,5.31656852603,5.3022842747,0.0142842513300003,-12.6912250659,12.1871384601,0.9602806976330104
1.34838861108878e-05,0.0003922411610191,245592.8186619419,4.915108731054791,0.0118384313715503,4.77538824081,4.77085018158,0.0045380592299997,-23.4251983684,22.3936329998,0.955963430815956
3.376346510321555e-05,6.905313018416625e-05,158346.10237707093,0.5915410795342999,0.015613386138985,4.82714006424,4.81070320308,0.0164368611599998,-2.84883313081,2.74756679703,0.9644533992936234
3.42627749619874e-05,0.0001487442143938,405506.9736632117,2.49238132911576,0.0175774736769541,4.79709486842,4.79533576965,0.00175909877,-11.9791154169,11.4671891307,0.9572651011043954
3.7457117745944767e-05,0.0002118382105445,735014.4716263922,3.1369174518580665,0.044999228481942,4.75963449478,4.75558273517,0.0040517596100002,-14.9561132858,14.2035258126,0.9496802773007516
3.099632953576998e-05,0.0002912979272315,943170.3380379274,0.9891711176802904,0.0367476272472797,4.85624074936,4.78239679337,0.0738439559900001,-4.69468295665,4.58900484791,0.9774898305773114
1.1769963767475828e-05,9.346488016826164e-05,436959.5246620788,3.399353910836109,0.0096683972652678,4.7958817482,4.79404329658,0.0018384516200002,-16.3190537256,15.6316767551,0.9578788707937336
1.9629514087892147e-05,1.2800737129537586e-05,596683.6561808737,3.053003582539469,0.0224949573514314,4.78724532008,4.78304386139,0.0042014586899998,-14.6391389967,13.9819938673,0.955110397575422
2.3036064660514103e-05,8.275225614203611e-05,131866.24047988708,4.852392589882045,0.0304474809667427,4.74226617813,4.73102140427,0.0112447738600005,-22.9792796288,21.7762937439,0.9476491036998264
2.393665053777647e-05,0.0003879629715422,241754.222121029,2.807093363914565,0.0461191660692738,4.76602172852,4.75306558609,0.0129561424300002,-13.3821962589,12.7172266495,0.950309381469596
3.670365700792175e-05,0.0001845972494493,676201.8707244856,4.288478677582438,0.0433159591099564,4.7325630188,4.73236227036,0.0002007484399992,-20.3233070107,19.2090877199,0.9451752960178492
3.827690511496664e-05,6.735617405030573e-05,207727.5880812322,3.7204640631886137,0.0051952087612537,4.79703785002,4.79365775704,0.0033800929799996,-17.8737530507,17.1111446266,0.9573336152772832
3.485421412284583e-05,0.0001632535511637,598034.3018709563,3.6351192546560096,0.0197025234658885,4.78035449982,4.77986860275,0.0004858970699999,-17.4026987936,16.6119577497,0.9545621599684986
1.3784624374588724e-05,0.0002827433651273,213528.60254237807,1.3362209383292916,0.0053024030774597,4.83217869699,4.80204153061,0.0301371663799994,-6.42560090603,6.20109542526,0.965060780454118
3.404219930031036e-05,0.0002944645566081,904670.7539294783,3.930670594316068,0.0438186936852736,4.74511384964,4.74094963074,0.0041642188999997,-18.687584978,17.6839988049,0.946296636281174
3.865029871904618e-05,0.0003942103869948,804159.7728299585,1.5311882704058457,0.0170949492241153,4.90008115768,4.74627590179,0.15380525589,-7.30548768301,7.1376147127,0.9770209768883172
3.3420574407810435e-05,0.000167120094634,626834.810166492,3.20297736258149,0.0365041523064476,4.76578807831,4.76505851746,0.0007295608499999,-15.2805175239,14.5471698656,0.952007668774766
3.607481301599636e-05,5.152553402103663e-05,626085.5487513545,2.492087226008864,0.007968129886905,4.8088145256,4.80798149109,0.0008330345100002,-12.0031857181,11.5236259403,0.9600472916888344
1.4747080586649383e-05,0.0004067122647677,436026.6904240751,2.9645642592553694,0.040106878967884,4.76571608603,4.76212978363,0.0035863024000004,-14.1389543685,13.457211586,0.9517826591180713
2.4995412812645223e-05,0.0001019650236217,671613.7157513188,3.34828879799443,0.0461716036269714,4.75040912628,4.75007009506,0.0003390312200002,-15.920365908,15.1107457475,0.9491456311256536
1.2410259592683671e-05,0.0001326307955966,509901.3508328795,3.2504593129619,0.0380965509774444,4.76177024841,4.76064014435,0.0011301040600004,-15.4992443987,14.736964249,0.9508182379675272
1.3749764025001888e-05,0.0002480134485923,913341.5470751204,4.77483429545114,0.026348028703939,4.75545501709,4.75529575348,0.0001592636099996,-22.7511051741,21.5952965585,0.949197693617285
5.358491633214888e-06,0.0003745668690379,467893.8248789103,3.837092815783437,0.0263948623554173,4.76602220535,4.76507456064,0.00094764471,-18.3128792793,17.4285419082,0.9517095396298708
4.338915862310114e-06,0.0003260840972765,288690.5860372782,1.3293081417510313,0.0333188110864134,4.80392905653,4.80040073395,0.0035283225800002,-6.40408248003,6.13103569806,0.9573636375200588
3.821354118960888e-05,0.000317298353865,771768.9733655442,2.804702411195598,0.023978803608093,4.81122699558,4.77284089744,0.0383860981400001,-13.4100693002,12.8648193993,0.9593402622541356
8.036027480106385e-06,0.0003715198349661,611471.764455609,3.3706099136856245,0.0328868161781284,4.76680289745,4.76610565186,0.0006972455899996,-16.1002807406,15.3156471891,0.9512658465935074
2.3843935470110007e-05,0.000278460382524,418118.7400811696,1.4086653593203733,0.015852816369046,4.83524894714,4.78337335587,0.0518755912699999,-6.7985121765,6.52041470145,0.959094362438405
3.2078086056671467e-05,0.0001305113093485,982395.4537918896,0.5060364095619615,0.0134987750481986,4.86603212357,4.79154014587,0.0744919777000001,-2.48742211761,2.36084418562,0.9491128059472188
2.173304669042981e-05,0.0003683784398736,510360.8194768856,4.833320325623985,0.017293409327947,4.76930141449,4.76319169998,0.0061097145099999,-23.0603188104,21.9655490136,0.9525258169324932
6.845936772143375e-06,0.0003618133338841,965979.5977834056,1.8889122559372704,0.0358522441897443,4.79803705215,4.79685974121,0.0011773109400001,-9.08311428045,8.69468006748,0.957235569103645
1.7360324928641003e-05,0.0003945033600745,927650.7647266072,2.6896658943828307,0.0363586643268659,4.78507089615,4.77593247592,0.0091384202299993,-12.8899591074,12.2918410008,0.9535981377740272
7.075775769710676e-06,0.0004095565336415,313808.4426901819,1.781917760288197,0.0359490812967283,4.79238405764,4.79061126709,0.0017727905499995,-8.54218529022,8.18217566028,0.9578550900374196
4.020161956200546e-05,0.0004184286563814,661325.9062970565,1.865414055053444,0.0386229709567664,4.84977817535,4.74931287766,0.1004652976899995,-8.93845104888,8.59791719569,0.9619023641425358
2.0776572109114568e-05,0.000122789279257,191307.34468470103,4.087964532412485,0.0302494808205049,4.75378940761,4.74976812005,0.0040212875600005,-19.4525477017,18.4615358065,0.9490549047663616
3.2208800885455015e-05,0.0001218850177756,342586.4437288311,2.706329237167541,0.0319629019413484,4.77765893936,4.77644014359,0.0012187957699998,-12.9236471332,12.3519161436,0.9557608635002685
8.099286075746042e-06,0.0003197750587077,287754.27117840847,3.3845684318616382,0.0157047761259231,4.78642436862,4.78415346146,0.0022709071599997,-16.2224232887,15.500955366,0.9555265011977248
4.0479734127736754e-05,0.0003835943025157,718323.4907208172,3.69929448951089,0.0159420767164083,4.80288362503,4.75992155075,0.04296207428,-17.7733424959,16.9307457487,0.95259210543012
2.719108308071689e-05,0.000156463891047,690721.5174839466,0.9375790752816108,0.0426385612721586,4.81928110123,4.80261421204,0.0166668891899997,-4.51909393333,4.34014831894,0.9604023246628688
1.1026096058554448e-05,0.000180634500358,968724.5345661172,3.00243647455791,0.0075776815225197,4.80930185318,4.80846405029,0.0008378028900004,-14.4782294465,13.8863541072,0.9591196325844192
1.2340281087056672e-05,5.184294998428443e-05,949056.2102903732,3.730573546526734,0.0399940338423863,4.75368499756,4.75279712677,0.0008878707899997,-17.7742840949,16.8571482086,0.948400966170944
7.133759494499714e-06,0.0003402892281666,972559.8835359182,3.731188827805147,0.0222984797871029,4.78030443192,4.77943992615,0.00086450577,-17.8747469235,17.0491918918,0.9538144492208368
1.720605577962673e-05,4.5350648160193694e-05,535196.335002142,1.5782125665465483,0.0331502477195205,4.80154323578,4.79953813553,0.0020051002499998,-7.58384854684,7.27409005032,0.959155500718818
1.8634056012305933e-05,4.640073036815564e-05,668825.9274947372,1.185810650932847,0.0331510263394666,4.81019735336,4.80912446976,0.0010728836,-5.71064706418,5.4862882991,0.9607121990628192
1.5402591805508783e-05,0.0002168370546694,910880.4541848524,4.967071442699875,0.0329667966680237,4.74059820175,4.73964834213,0.0009498596200003,-23.601306718,22.3201754208,0.9457177811166312
1.1860015368637186e-05,3.877368995242259e-05,735378.3668080231,3.2017595438090543,0.0271271675752381,4.78010749817,4.77811861038,0.0019888877899996,-15.3229537232,14.6258410895,0.954505335831921
2.0492054166842232e-05,0.0002114064030097,870440.3845060787,2.4153261192079105,0.0389170064766665,4.78530025482,4.78177547455,0.0035247802700002,-11.5802592346,11.0530662661,0.9544748560615268
4.367980555941634e-05,6.054260846205573e-05,114632.99244056529,1.3357534663113475,0.0090978819160441,4.81803369522,4.80701435745,0.0110193377699996,-6.4145799525,6.18804652814,0.9646846050657284
2.616019830064452e-05,0.0001305743382492,711359.9333697568,1.2278001046326952,0.0421287898902949,4.80848330557,4.80217838287,0.0063049227,-5.9061381976,5.66991922229,0.9600044957623936
8.95214881755171e-06,9.727602623759872e-05,988328.3101758251,2.630213009626599,0.0408140828874068,4.77738857269,4.77692365646,0.0004649162299994,-12.5943105673,12.0049846436,0.9532069722633224
2.0719616738998995e-05,3.681540671787787e-05,364120.1825822895,2.663917388120977,0.0094340550782597,4.80378417432,4.79977421761,0.00400995671,-12.7991456238,12.2849698233,0.9598273341351872
2.385187399372899e-05,0.0001885483311944,834837.9736681057,2.0419772651820365,0.0208096592371695,4.80859231949,4.80069055601,0.0079017634799996,-9.83346196496,9.42874352351,0.95884273078066
3.75073235503541e-05,0.0003638951244398,768364.0286025183,3.742298598994961,0.0198964884958099,4.79647874832,4.77084541321,0.0256333351100002,-17.9245969994,17.1256149056,0.9554253803403924
3.145703405747581e-05,0.0002697951535248,263449.72518470255,0.4533530752846426,0.018136944175638,4.8692317009,4.77328224421,0.0959494566900005,-2.24695767102,2.11246639588,0.940145167452599
4.984992462023025e-06,0.0003791284581122,757357.4017244074,4.804196996370559,0.0315785929920919,4.74382591248,4.74314451218,0.0006814003000004,-22.8216306171,21.6193585372,0.9473187477235238
8.754635040492896e-06,0.0004421485808239,556852.2763456387,0.7680462956061772,0.015330740429205,4.83299684525,4.80894041061,0.0240564346400002,-3.73073502806,3.57028179413,0.956991522388167
4.573851405881093e-05,0.0004372381723854,191991.43395904812,4.268902329459662,0.0489313819310324,4.73573446274,4.70734405518,0.0283904075599998,-20.1349530405,19.0176657417,0.9445100618535012
2.147212598623685e-05,0.0003834025244719,739078.4074618827,0.5428210801974225,0.0384793684785608,4.85742428899,4.79293489456,0.0644893944299997,-2.62321323726,2.52864864647,0.9639508563593656
4.333716600569895e-06,0.000140146670883,673362.5140831094,2.845448687343147,0.0268741445654081,4.78585330606,4.78370669842,0.0021466076400002,-13.6325407998,13.0289190162,0.9557219895788718
3.621753627167313e-05,0.0001582852990485,173277.78456341184,3.952832034491839,0.0298251080141492,4.75579928219,4.75355966091,0.0022396212800002,-18.8460106782,17.8725144644,0.9483447064515312
2.2907634035547232e-05,1.9269846054099136e-05,861459.0804361716,2.069186798951978,0.0468057892016507,4.78458404541,4.78313922882,0.0014448165900002,-9.92320196795,9.47092908648,0.9544226870590004
1.175400695111049e-05,0.0003091975270303,661122.7344313757,4.22965727145423,0.0120212211742277,4.78624391556,4.78439569473,0.0018482208300003,-20.2686195927,19.3707385684,0.9557009287093542
6.667683302409814e-06,0.0003685250088553,904070.5493876413,2.2508610502448083,0.0141572108047357,4.81085443497,4.80774597168,0.0031084632900002,-10.8488956944,10.4117127913,0.9597025434279302
3.814023882981772e-05,0.0003594573326743,259739.0542687934,3.7812387797402094,0.0377687818643348,4.75734876096,4.74081373215,0.0165350288099999,-17.9822724233,17.054054817,0.948381517950018
2.853065115545518e-05,0.0001479260819007,710003.9954735514,3.198538712215601,0.0153808957020644,4.7933306694,4.79288959503,0.0004410743700002,-15.357287293,14.6966277875,0.9569807158715372
1.5632016464484058e-05,0.0003941606059284,641176.2014947264,1.5817956574459144,0.0253898023063574,4.81771183014,4.79215908051,0.02555274963,-7.61604166712,7.30620435733,0.9593178026943272
8.518675969591078e-06,7.080914429972913e-05,672771.1631521485,0.6156112035302992,0.0202955306966112,4.82586193085,4.8236322403,0.0022296905500001,-2.97599012871,2.86610004316,0.9630744455467553
1.49113975226437e-05,0.0001369471646494,850199.3254401437,4.638971190841358,0.0150117236103371,4.77889919281,4.77782154083,0.0010776519800002,-22.2107404664,21.1834154647,0.9537464766987792
2.4750947907258832e-05,2.909637392705385e-05,221035.61345743336,1.8928458206114664,0.024978507585934,4.80145359039,4.79080162942,0.0106519609700006,-9.08613076723,8.70921057155,0.9585169743495882
3.910074322937503e-05,0.0002281946584785,775933.422769704,3.7877727679736064,0.0168149510606784,4.78522736133,4.78310108185,0.0021262794799996,-18.1561643373,17.3394601007,0.9550177988352876
3.803136641957885e-05,0.0001667000423135,414922.2129139896,4.202536031742623,0.0325292035633375,4.74894018471,4.74848985672,0.0004503279900003,-19.9807726671,18.9538918975,0.9486065535748354
1.2382619362824722e-05,0.0002675753516321,388285.5104022075,4.224105163177224,0.0396127632821539,4.73724126816,4.73613786697,0.0011034011899999,-20.048957557,18.9544717694,0.945409341882822
4.197585503540379e-05,0.000335222372196,411297.1131729239,4.213550464205111,0.0136308194237518,4.78941249847,4.77421855927,0.0151939391999995,-20.1840235747,19.2659745213,0.9545160532535868
2.9010016358529987e-05,0.0003795281314208,304516.9124706933,4.191489337130289,0.0480382363896201,4.72533845901,4.71761131287,0.0077271461399996,-19.8387047974,18.6922447018,0.9422109403155065
3.377605607628554e-05,3.0904227826756126e-05,456344.4679879265,0.9805491673910132,0.0243850607217949,4.81539154053,4.81363105774,0.0017604827899999,-4.72378766288,4.54581517898,0.9623241990112033
1.9205709174859265e-05,4.215663057337015e-05,253482.4927774931,1.1767434957233764,0.044283493969801,4.80295871556,4.79571716547,0.0072415500899998,-5.66324980048,5.42105427498,0.9572338261541152
4.004271210238489e-05,0.0002514166868104,246701.9799027832,1.6757671822382043,0.0362624966647003,4.8124332428,4.76675844193,0.0456748008699996,-8.08015625446,7.69116293193,0.9518581930497584
4.122181350808963e-05,0.0003814319310776,125277.24818650215,4.244522801033188,0.0101655757170379,4.79378802538,4.76201248169,0.0317755436899993,-20.3918104166,19.3949732161,0.951115806780524
1.4017801227243825e-05,0.0001008437733374,537061.0042580043,1.4846183042501122,0.0352352408384402,4.80162286758,4.80038404465,0.0012388229299995,-7.13850938237,6.84401520233,0.958745703862586
1.682757366184596e-05,6.823127000048415e-05,202966.3137037632,3.583556503957117,0.0178607304493649,4.78263655603,4.77452135921,0.0081151968199995,-17.1376780493,16.3672389426,0.9550441369896392
4.038083192424693e-05,0.000189010035904,598376.1808428371,4.984779196492424,0.0417038476954882,4.71861171722,4.71833896637,0.0002727508499997,-23.5402557397,22.1963719937,0.9429112512259764
1.3758368295868049e-05,0.0001825613279233,853561.5719147928,0.3126135963200053,0.0212957730072851,4.84664850295,4.81652164459,0.03012685836,-1.50172039892,1.45924448713,0.9717151662715992
5.0977282692176725e-06,0.000328574985821,630501.4237674244,2.834699755871903,0.0359251271340432,4.77501487732,4.77345541596,0.0015594613600002,-13.566605509,12.9221324708,0.9524956307034608
4.049253255626704e-05,0.0002427328641872,294846.4623246708,3.0391502941852635,0.0410589605937929,4.76430273056,4.75654220581,0.0077605247500001,-14.465292158,13.7732004615,0.9521550142962552
1.2784756601697458e-05,3.936830356601879e-05,187837.3961404696,2.633892054467553,0.0104271919628634,4.80920124054,4.78797638118,0.0212248593600001,-12.6308109907,12.132804034,0.9605720521772766
2.812228807952071e-05,0.0002929157053168,362925.29148231534,4.358266216529016,0.049569722541396,4.71750320613,4.7152466774,0.0022565287300002,-20.5815403766,19.3911191746,0.9421607333456228
7.83430140134326e-06,0.0002976748021282,956881.187357876,4.669808374069236,0.0245226713890703,4.76100410104,4.76076030731,0.0002437937300001,-22.2863880847,21.1692636353,0.949874136394182
3.756219635785411e-05,4.357598993393658e-05,918801.435020032,1.5847744843750398,0.0335937367243296,4.80483102798,4.80447292328,0.0003581047,-7.62911217947,7.31680013789,0.9590631210771242
3.924550254398577e-05,0.0004376452786819,815815.1308309931,3.924125745824992,0.0385974280713283,4.76013565063,4.73247146606,0.0276641845699998,-18.6371594016,17.6884223952,0.9490943342836596
1.7637382379570926e-05,0.0004080977167279,493892.4073278636,1.4774009673979969,0.0167154425828659,4.83810424805,4.78708666742,0.0510175806299999,-7.14363345697,6.84625380316,0.9583713728313078
3.330793900556877e-05,0.0003237872607582,438184.4809845319,1.313906357465834,0.0101939922807321,4.8798584938,4.76367378235,0.1161847114499998,-6.41293111299,6.12262575943,0.954731253393326
4.124129927987567e-05,0.0002310717626167,427133.4230268215,2.031141953411321,0.025826266167688,4.81344842911,4.78415584564,0.0292925834700001,-9.75606520369,9.35509394967,0.9589003101508236
3.850550201157345e-05,0.0002196928475137,861389.5078512132,2.2556597601056496,0.0279839636217373,4.80181646347,4.78658390045,0.0152325630199996,-10.8291276278,10.3704118467,0.9576405600833064
2.2290109352521302e-05,0.0002290497911459,468076.8891463984,1.7898112578293637,0.0327398396455977,4.80231952667,4.79044532776,0.0118741989100001,-8.59598349942,8.23409789698,0.9579006169027175
8.365155966788592e-06,0.0001573812215978,506483.4614046661,0.8177846969452311,0.0174251551864064,4.82249268532,4.81839725137,0.0040954339499998,-3.95041580118,3.80045436681,0.9620390759055778
4.548458280758167e-05,0.0004555945217306,997675.5476546214,0.6433910557493411,0.0079347168827474,4.95732593536,4.71986435115,0.23746158421,-3.3045854989,3.00135965257,0.9082408833328915
3.124390687357382e-05,0.0002601472650198,521356.4389091938,2.7074876550534,0.0109217277529605,4.80995705843,4.7903222549,0.0196348035299998,-13.0149314592,12.4799628178,0.9588957772788084
2.020857999276124e-05,0.0001880824235367,310411.17790537066,1.2094543119285597,0.0248192908301393,4.81762553751,4.80157852173,0.0160470157799998,-5.81568368857,5.59547126625,0.9621347318540036
1.7687486094173938e-05,0.0004513074632667,755353.0617260247,3.682969050969073,0.0375138007159497,4.75842428207,4.75155210495,0.0068721771199999,-17.5423238271,16.6563211731,0.9494934272829196
2.118524795694527e-05,9.200839777017878e-05,442740.2528681096,4.7031964006591815,0.0483512821157227,4.71128320694,4.71030251265,0.0009806942899999,-22.1927812974,20.8745543566,0.940601093520692
6.371253520943241e-06,0.0001664802538088,654607.8727418892,3.5914025138449386,0.0130733750004298,4.79230260849,4.79055404663,0.0017485618600003,-17.2234646054,16.489830745,0.9574049776158284
3.052784584140881e-05,6.013507917773362e-05,689425.4107072791,2.0129256119787526,0.019027211622916,4.80535316467,4.80456066132,0.0007925033499995,-9.6864804082,9.2946454689,0.9595482649231092
2.858544828857115e-05,0.000110431937548,749245.9073470046,2.0068592532134564,0.0207682996742771,4.8054432869,4.8043627739,0.0010805129999997,-9.66463087065,9.26633996642,0.9587888136069896
1.0469384202141592e-05,0.0001344296529819,737379.9933304321,3.1147294578338216,0.0163260020275048,4.79482460022,4.79330396652,0.0015206337000002,-14.9525773388,14.3168582982,0.9574843168374464
1.1178462820512672e-05,0.0001657385708785,425287.9883630618,3.4436782399406,0.0444751913018847,4.74778545976,4.7466418612,0.0011435985600005,-16.3798709984,15.521598402,0.94760199292877
9.108577187931622e-06,1.0060305181134614e-05,809900.2136058623,1.6342726560084495,0.0383642260853788,4.80218914209,4.79578733444,0.0064018076499996,-7.85970342937,7.52769951515,0.9577587224246435
1.0022969340716784e-05,6.116686590177416e-05,979103.8327605232,4.16778733697599,0.0099773187423257,4.79346132278,4.79277276993,0.0006885528499998,-20.0217595379,19.1503011614,0.9564744359829924
3.865247839663649e-05,0.0004192195178195,881465.26980134,2.505464656754847,0.0457904374704233,4.79441690445,4.74386310577,0.0505537986800002,-11.9163406773,11.4067179919,0.9572332900509632
4.230422044889591e-05,0.0004334555043034,669467.4659412128,2.799747659604449,0.0157761015629569,4.86085367203,4.75280475616,0.1080489158700004,-13.4132198071,12.9275661305,0.9637929085197776
4.34633733864193e-05,0.0001241036669564,167641.55214840538,0.5435103952119547,0.0082382941529691,4.8562437892,4.78241366923,0.0738301199699993,-2.6324256449,2.52538185872,0.9593364445497694
2.476921940632384e-05,0.0002194091322519,548651.6060602979,3.214371708304793,0.0098041531620979,4.80080366135,4.79679870605,0.0040049553000001,-15.4435217948,14.8031320352,0.9585334376375456
2.993255934526806e-05,0.0001337516918993,199865.8504786973,4.282899764149286,0.0302535276767016,4.74967663825,4.74720668793,0.00246995032,-20.33901292,19.3140969046,0.9496083699129684
3.1228563521437536e-06,1.101495117094992e-05,996286.4901109664,4.819560262705978,0.032323340057151,4.74943660975,4.73856377602,0.0108728337299996,-22.9312731294,21.6960875255,0.9461353237157872
3.7126532125670176e-06,0.0002571540469015,315749.463244742,1.921661787074126,0.0301348022925153,4.79517900407,4.79091049373,0.0042685103400001,-9.23433666572,8.82946213453,0.9561555371169228
2.7884685596433496e-05,0.0003461527887882,975975.6044910952,0.9122326343332244,0.0455886718062215,4.84191560745,4.77965307236,0.0622625350899994,-4.46985268512,4.22283802734,0.944737628915086
8.580142155665844e-06,0.0003611691764645,645658.4991378865,4.472224759646574,0.0136353894540594,4.78002166748,4.77872419357,0.0012974739100002,-21.409381585,20.4317992463,0.954338599888148
1.2751757826539373e-05,0.0002326106260038,878301.0216774141,3.756734512063931,0.009031961758555,4.79824256897,4.79714822769,0.0010943412799999,-18.0654529587,17.2940295178,0.9572984168919774
4.953230025705244e-06,0.000116433579217,999650.3437448768,2.227952433109356,0.0489160052263854,4.77957296371,4.77889283001,0.0006801336999995,-10.6734440565,10.1778259087,0.9535653023357372
2.0188506268276464e-05,0.0001238880683832,651038.8505624166,2.4105476703190583,0.0302513419836982,4.78853953242,4.78772354126,0.0008159911599996,-11.5609982614,11.0528525657,0.9560465554781196
1.7740148957617626e-05,0.0001684218945326,851135.3616740305,2.019676131071335,0.0121862702623848,4.81579780579,4.81088781357,0.0049099922199999,-9.74154485487,9.35780147623,0.9606075438385772
8.420940269569188e-06,0.0001007145596695,687003.0735533157,1.9869278144182856,0.0289271880714579,4.79884958267,4.79683542252,0.0020141601499998,-9.54949902142,9.14735419703,0.9578883851929856
4.118750582530528e-05,6.063872278057295e-05,317245.66008865286,3.5266666301520586,0.028495064448523,4.76672029495,4.7652220726,0.0014982223499995,-16.8367288711,16.0215260617,0.9515818769999153
1.965506843447679e-05,0.0003309436147871,596995.1738861084,2.197863175763118,0.009168287850364,4.83039712906,4.79409360886,0.0363035201999997,-10.5908765997,10.1753350836,0.960764199999104
2.416622811350378e-05,0.0001693742202588,941701.5493856852,4.28782359481509,0.0263444148750981,4.76384019852,4.76362705231,0.0002131462099992,-20.478903928,19.4609539155,0.9502927492565556
1.7561441645936995e-05,0.0003933825949007,359624.5604181498,4.831895095231719,0.0407373969250938,4.72212618493,4.71985435486,0.0022718300699997,-22.8067513932,21.5365754729,0.944307021267452
1.3950333418606957e-05,0.0001717203551873,630583.4603925415,1.0236090673108036,0.0160763462518932,4.826836586,4.81384706497,0.0129895210299997,-4.93502474265,4.75641884815,0.963808510835532
4.528727471515979e-05,0.0001330815874881,476417.24349812575,2.420579369877557,0.0183723354299646,4.79837417603,4.79615831375,0.0022158622799999,-11.6219127275,11.1421595742,0.958719948725411
1.0581564300736997e-05,0.0003557793144583,491417.3090413812,4.37961567955725,0.0352509756482483,4.74255990982,4.74148750305,0.0010724067699996,-20.786152872,19.6966401731,0.9475846874787672
7.513644173392796e-06,0.0003216605701955,394668.6237683767,2.954568426744987,0.0130983491851375,4.79656410217,4.79413414001,0.0024299621599999,-14.1892232206,13.5880397009,0.9576309773725176
2.140529651965819e-05,0.0003345650996204,182021.44344112795,2.985237549911732,0.0292226348873391,4.77895419061,4.76804321122,0.0109109793900001,-14.263397862,13.6040811082,0.9537756178311112
3.414800835331103e-05,0.0004553713780815,506977.86490901175,0.4493893820338499,0.0364791784378283,4.89600801468,4.73432683945,0.1616811752299991,-2.3488811165,2.08087963536,0.8859024923580036
2.312783044581803e-05,0.0002652765881527,219343.1430630253,3.232691980434636,0.0054012542065044,4.80386580288,4.79357337952,0.0102924233600001,-15.510382501,14.8913868624,0.9600915297504692
1.3160476211092248e-05,9.816493140738036e-05,419761.3992443844,2.263836319680677,0.0214790350229272,4.79674434662,4.79501962662,0.0017247199999994,-10.87252291,10.4140475173,0.9578317381811798
1.7363256367174627e-05,0.0003605139286545,570602.5560032532,1.302809676684081,0.0403217609372861,4.81246513486,4.7938426578,0.01862247706,-6.24880372136,6.00993487607,0.961773668058498
1.879366715335628e-05,0.000188588016753,754003.9445829502,2.7248079578027142,0.0223501664779976,4.79341554642,4.79156541824,0.00185012818,-13.0821560856,12.5161963621,0.95673803921947
4.5286502354225824e-05,0.0003151083678796,188932.78677431497,3.977104934520126,0.0083310731110999,4.79865672588,4.78189992249,0.0167568033899998,-19.075926257,18.2481526644,0.9566063748911672
3.627879395533557e-05,0.0004148501198875,432877.02042686334,3.673271076074826,0.0469463253360847,4.74878740311,4.72247940898,0.0263079941299997,-17.4611717632,16.4911914762,0.9444493015615216
1.095191934623492e-05,0.0003568564509768,388378.8165838375,0.5853824208832563,0.0107111662700564,4.84197904348,4.80745029449,0.0345287489900005,-2.83600547313,2.72604234027,0.96122605054826
4.656835200660573e-05,0.0003198613385675,501186.64506535896,3.2717785296802746,0.0159141878446122,4.80576658249,4.76707795501,0.03868862748,-15.7259488993,15.0085010278,0.9543780870652622
3.1515676415948093e-05,0.0002511266708152,673576.663040054,4.271750492512375,0.0284707257643809,4.75801822543,4.75605964661,0.00195857882,-20.3466577664,19.3353527307,0.9502962576305752
8.385229546774247e-06,0.0002456420644211,328145.2430581277,2.498660766649514,0.0415932810291608,4.7722499299,4.77043867111,0.0018112587900001,-11.9285248293,11.3769136473,0.9537569657695576
1.67433063067759e-05,7.14176378606462e-05,649793.4863225555,0.1927987342367113,0.0051010093565494,4.84141302109,4.82250118256,0.0189118385300002,-0.929253237166,0.900314058668,0.9688575973259372
2.45966699623378e-05,0.0002714540084225,136842.60988366837,4.872831691126129,0.0385364663910499,4.72288195193,4.71950226009,0.0033796918400001,-22.9755369697,21.7235737693,0.945508860051842
2.7185389382656047e-05,7.722981003366252e-05,912846.330809995,2.2499071933493093,0.0253879174610875,4.79983520508,4.79883575439,0.0009994506900001,-10.8204507117,10.3644470274,0.9578572375172018
1.3906599663698238e-05,0.0003878820201407,297445.34769587487,1.2046568067987893,0.0073564930521641,4.84338903427,4.79461431503,0.0487747192400007,-5.8019985785,5.59485323976,0.964297588850228
2.4388307810473312e-05,8.141206046991377e-05,471784.792933495,4.806043372127824,0.0498875164461351,4.70655918121,4.70556306839,0.0009961128200002,-22.6391404799,21.2878640646,0.940312379946592
2.2995175516816e-05,0.0003507965747434,968244.5104545988,4.524165603589623,0.0407245813403505,4.73602819443,4.73299741745,0.0030307769800002,-21.4803507691,20.2851619568,0.9443589713618966
4.730316721250696e-06,0.0003391494783787,234800.269418912,1.344740451990225,0.0406014551165904,4.8737410903,4.86840772629,0.0053333640100001,-6.66048269883,6.38114569479,0.9580605465593252
3.0405144880506763e-05,0.0003690845047625,702533.2630231426,3.5875467907592618,0.0464211852833777,4.74893426895,4.73730802536,0.0116262435900003,-17.058646778,16.144062719,0.946385896202534
4.225678499701868e-05,0.0002459022108736,893554.2035150854,4.459455812296388,0.0205758919736443,4.7724609375,4.76932231051,0.0031386269900002,-21.3262904581,20.3028692904,0.9520112900220165
3.730326216387645e-06,0.0003879324849549,436279.6547089701,4.089680278632052,0.0283811017785919,4.75836277008,4.75698328018,0.0013794898999996,-19.5020632115,18.5146436378,0.9493684558914904
1.7710193275163955e-05,0.00015075958523,830247.5446130111,2.371128254207045,0.0333633782663267,4.78887653351,4.78814983368,0.0007266998299995,-11.3822161473,10.8738369747,0.9553356599434644
2.089284059748736e-05,0.0001841430912618,204193.07346502657,2.654029288787165,0.016755473528925,4.79433434248,4.78988274932,0.0044515931599997,-12.7150780205,12.1905068464,0.9587441639560328
1.870419741596798e-05,0.0003671770155304,195042.02944014332,2.8402239632354105,0.0211562041130492,4.79359388351,4.77835022748,0.0152436560299999,-13.6076658426,13.0087363209,0.9559858737987968
2.136104848180004e-05,0.0004035526998454,300744.4407709204,1.7845570754896576,0.0080555181261165,4.84619140625,4.76854753494,0.0776438713100002,-8.68986993022,8.2523083037,0.9496469302724164
3.191087967767342e-05,0.0003829451121191,189659.8462361127,4.295142956097994,0.0189896246863381,4.77602460286,4.75860309601,0.0174215068499998,-20.4643404251,19.5148168464,0.9536010660995754
2.188637129550404e-05,2.945741019302549e-05,362811.86153604666,2.8497554091109296,0.0267674989531402,4.78295269608,4.77832698822,0.0046257078599998,-13.627239119,13.026489582,0.955915535659575
3.76199884073361e-05,3.678111969051495e-05,390146.6905945148,0.941878973366108,0.0164395105444187,4.8182387352,4.81637954712,0.0018591880799991,-4.54002678575,4.37162564321,0.9629074561699572
3.0282301659183973e-05,0.0003740294199436,263664.7974270191,3.638574467614785,0.0472768718046736,4.7410697937,4.72995573103,0.0111140626699999,-17.2547802088,16.3206272466,0.945861207682983
4.112630182028532e-05,0.000466700820084,236438.02511929595,2.100455567006491,0.0095828031344164,4.8892788887,4.70936398574,0.1799149029600002,-10.2823093776,9.69059513156,0.9424531761970664
1.7164683511330336e-05,0.0001866274324793,504774.5214714954,2.300826180731032,0.0495337987996239,4.77173423767,4.77084350586,0.0008907318099993,-10.9928984327,10.4759584781,0.9529750995367804
3.033104533076356e-05,0.0002862062259586,191956.0325264818,0.4364935809825097,0.0422057763495013,4.8481241107,4.78115164757,0.0669724631299999,-2.16414664226,2.0272963225,0.9367647658029824
2.23610261909044e-05,0.0003266888010382,994684.3706084412,4.407523801444372,0.0373316139436856,4.74484872818,4.74270439148,0.0021443366999998,-20.963370608,19.8357158069,0.9462083258371788
3.341503634903102e-05,1.5779305438880022e-05,258076.2210300945,4.568707548611673,0.0083874372337882,4.78824234009,4.77756828129,0.0106740588000002,-21.8769366855,20.9054912849,0.9555949987621496
3.2021300696340634e-05,2.9665428721663823e-05,166751.34598510864,1.3229894665254345,0.0446076057244732,4.80147813261,4.78731441498,0.0141637176299997,-6.35579315615,6.08308353802,0.957092748075648
1.340558447420249e-05,0.0004441336223479,822904.334555335,1.0123451646608346,0.0204353088609726,4.83977752624,4.80113649368,0.0386410325600001,-4.86034711955,4.70381655188,0.967794364513518
2.6226723187513146e-05,1.983455904221292e-05,621061.4952370921,4.7169559603571125,0.0074464070343409,4.78910636902,4.78710889816,0.0019974708600001,-22.6237304533,21.6282405894,0.9559979789383148
9.51826569658736e-06,2.91684180021834e-05,493909.5191290281,2.241494042255945,0.046362304394227,4.77767167926,4.772146945,0.0055247342599997,-10.7188482357,10.2213862632,0.9535899789267318
2.6172480880867857e-05,6.351126517047748e-05,620245.398506127,1.7462672271239887,0.0392086942821029,4.79407703698,4.79347372055,0.0006033164300003,-8.38738247172,8.02598118685,0.9569113145741776
1.902801749689065e-05,0.0003547383111681,617311.66620919,3.40835527700667,0.0337778676050877,4.76867866516,4.76234436035,0.0063343048100001,-16.2641086428,15.477774051,0.9516521557332251
4.044063792728235e-05,0.0002823209447808,180220.45773002025,4.052945662845562,0.0470797169452607,4.72781705856,4.72263765335,0.0051794052100007,-19.1657378483,18.1008347624,0.9444371464157088
